,t,vx,vy,Vx,Vy,Vr,oz_deg,oz_rad,delta_deg,delta_rad,turn_rX,turn_rY,turn_rR,au,av,ax,ay,ar,Ax,Ay,Ar,alphaz,alphaz_deg,beta_deg,beta_rad,lf_fx,lf_fy,rf_fx,rf_fy,rr_fx,rr_fy,lr_fx,lr_fy,lf_alpha,rf_alpha,rr_alpha,lr_alpha,lf_lock,rf_lock,rr_lock,lr_lock,lf_fz,rf_fz,rr_fz,lr_fz,theta_rad,theta_deg,Fx,Fy,Mz,Dx,Dy
0,0.0,29.333399999999997,0.0,29.333399999999997,0.0,29.333399999999997,0.0,0.0,0.0,0.0,0.0,0.0,0.0,0.0,0.0,0.0,0.0,0.0,0.0,0.0,0.0,0.0,0.0,0.0,0.0,-0.0,0.0,-0.0,0.0,0.0,-0.0,0.0,-0.0,0.0,0.0,-0.0,-0.0,0.0,0.0,0.0,0.0,871.2574850299402,871.2574850299402,628.7425149700599,628.7425149700599,0.0,0.0,,,,0.0,0.0
1,0.1,29.33320474512225,0.01281776743251592,29.33320474512225,0.01281776743251592,29.333207545620105,0.10325176291355655,0.001802083221330135,0.8727272727272728,0.015231964381041423,7.112750000000001,16277.38630376411,16277.3878577977,-0.0039050975549957075,0.2563553486503184,-0.0039050975549957075,0.2563553486503184,0.25638509037879004,-0.003928196222737226,0.25635499574413606,0.25638509037879004,0.0360416644266027,2.065035258271131,0.02503660736361279,0.0004369712320241004,-0.18191448237557642,11.942019347064521,-0.18191448237557642,11.942019347064521,0.0,-0.0,0.0,-0.0,0.015231964381041423,0.015231964381041423,-0.0,-0.0,0.0,0.0,0.0,0.0,871.2574850299402,871.2574850299402,628.7425149700599,628.7425149700599,9.010416106650676e-05,0.005162588145677828,,,,2.9333302372561123,0.000640888371625796
2,0.2,29.332249795530483,0.04798434211269453,29.3322486405963,0.050627385917645845,29.33229233193288,0.4073403940471812,0.007109431052494422,1.7454545454545456,0.030463928762082846,7.1211585770822925,4125.822224593451,4125.828370139593,-0.015216992963917451,0.49983702105228,-0.015193894280292403,0.4469761449532537,0.4472343106031477,-0.015484743400668324,0.49982879790093804,0.500068599783351,0.07010529219668303,4.0167373644013615,0.09889227027607893,0.001725995721089699,-0.7128296437069326,23.39189805591047,-0.7049026200120845,23.131768399696412,0.0,0.02237827923698524,0.0,0.022621822821964895,0.029683058805474123,0.02968278531338444,3.977071835275849e-05,3.975679391762486e-05,0.0,0.0,0.0,0.0,876.1523545754802,866.417080898285,625.2025546476348,632.2280098786002,0.0005356798747577346,0.030692195993714717,,,,5.86660290654204,0.0038131460391338844
3,0.3,29.329865713483102,0.09595115781813543,29.329846346546148,0.11166402580483145,29.3300589083395,0.8955989106159871,0.01563114976752337,2.618181818181818,0.045695893143124264,7.1436860029858,1876.3716542134587,1876.3852528160255,-0.03282888803915901,0.7208957766914318,-0.032487746667309504,0.5123601691555641,0.5133891278753745,-0.034034690342978194,0.7208398550265432,0.7216428872658763,0.10032908210389592,5.748432966974755,0.21813433371319102,0.0038071623349392515,-1.5460270021959095,33.809400631454366,-1.512565051141886,33.07763559275278,0.0,0.1371691273247807,0.0,0.13999744580643117,0.04270477282105548,0.04270063762869113,0.00024511618697121995,0.00024477778225442205,0.0,0.0,0.0,0.0,880.8544329614217,861.872772467279,621.7873445300313,635.4854500412682,0.0016727089157586243,0.09583916122687314,,,,8.799707655899162,0.011927716625257746
4,0.4,29.325515178541792,0.1450886462888948,29.325403763190337,0.19415127083382436,29.326046453453362,1.5468658979798107,0.026997903006566397,3.490909090909091,0.06092785752416569,7.191346334809897,1086.210427382373,1086.234232574312,-0.0560227790770839,0.9288491238884263,-0.05452295215886135,0.47038960025962323,0.47353894068442315,-0.05955585731110894,0.928629283720773,0.9305370743413811,0.1270059826769646,7.276906780301718,0.379325924027317,0.006620486312446551,-2.65120070758866,43.45991150655741,-2.5683128710216403,42.101169397043925,0.0,0.4818882352634311,0.0,0.49576911160973136,0.054681496078694186,0.05466249266537594,0.0008655039692302546,0.0008628787510137675,0.0,0.0,0.0,0.0,885.1746822423406,857.7981608794166,618.6354521741489,638.3917047040941,0.003804161554463113,0.21796240165666303,,,,11.732470161385987,0.02721848145719054
5,0.5,29.318755948732584,0.18577470682503242,29.31837368757522,0.29734667827179523,29.3198814924512,2.3418976081426504,0.04087382400666922,4.363636363636363,0.0761598219052071,7.274745769401913,717.2897178103879,717.3266070643938,-0.08457873322520829,1.1350590248709909,-0.08066164402534669,0.3433316104631289,0.352679593342282,-0.09274634050026533,1.1344208515268372,1.1382058478390742,0.1505124373250918,8.623727422955083,0.5810733502113961,0.01014164315678295,-4.021302743314162,52.698715533261186,-3.8587034577921995,50.567870371732404,0.0,1.2202253692325995,0.0,1.2640295522636367,0.06608356012317587,0.06603054862886498,0.00220232901489705,0.002190802393207231,0.0,0.0,0.0,0.0,889.2850147736822,854.0113195943734,615.6242108440567,641.0794547878879,0.007197747905124894,0.41240057696278615,,,,14.664659033924263,0.051793378912471516
6,0.6,29.30917069879438,0.21046693826515916,29.30821291704344,0.4215437639694642,29.31124431912937,3.263491360847701,0.056958669357182745,5.236363636363636,0.09139178628624853,7.400870995177236,514.5522753218522,514.6054964051418,-0.11863667741041903,1.348882689082388,-0.11104335473876208,0.1505130183394061,0.18704222871126444,-0.1349347561331244,1.3473499106469755,1.3540897939697791,0.1711844696851787,9.808147631145923,0.8240356826697228,0.01438213581650584,-5.66718043083758,61.836994012356655,-5.385926160195248,58.768110135813274,0.0,2.4809266807666317,0.0,2.5862693961306267,0.0773052490647071,0.07719287924470272,0.0044998317104483565,0.004464215891888239,0.0,0.0,0.0,0.0,893.3996360564848,850.2949756502677,612.5994661649992,643.7059221282485,0.012089372573317493,0.6926700254123037,,,,17.595988364155197,0.08773790102453448
7,0.7,29.296288216625552,0.21340181036404304,29.29435137290367,0.56786768775379,29.29985488138018,4.29624257844396,0.07498357845821786,6.109090909090909,0.10662375066728995,7.57322735764359,390.6768918640898,390.75028804748985,-0.15859420538504734,1.5775957866041292,-0.14660628863778355,-0.09181557636172855,0.17298411467756658,-0.1880445211852492,1.5743569626819156,1.5855474095380486,0.18931371233552363,10.846876720779255,1.1105331157279565,0.019382459321884066,-7.6132204079894485,71.13188062474967,-7.162637236580179,66.92198958749945,0.0,4.356866756263456,0.0,4.570236938704392,0.08866136351650822,0.08846132560925898,0.007943484717248485,0.007855981201385928,0.0,0.0,0.0,0.0,897.6971951762519,846.4724315589328,609.4320245024472,646.3983487623683,0.01868648496408752,1.0706567223768866,,,,20.52611657865255,0.13720847361069718
8,0.8,29.279506557176443,0.19030829332817276,29.27617023604767,0.7380817651675079,29.285472650823245,5.42630112756996,0.09470682088077666,6.981818181818182,0.12185571504833138,7.793332711449105,309.1241999655177,309.222423247527,-0.20502853173496066,1.8266857616702283,-0.1890269003444027,-0.3700547643556773,0.41553784144906536,-0.2545796348875801,1.820441369617446,1.8381560245839133,0.20515113611565225,11.754294261740752,1.4441784428205613,0.02520566881354346,-9.893930505434087,80.79154027815339,-9.208106612729946,75.1912615395172,0.0,6.909779945595621,0.0,7.295532678059411,0.10039814699494526,0.10008289906587914,0.012669129790409132,0.01248565632979059,0.0,0.0,0.0,0.0,902.3186141350727,842.4083106620187,606.0194177915895,649.2536574113193,0.027171004931037246,1.5567839076775825,,,,23.45464265910012,0.20250594625676213
9,0.9,29.258024670811498,0.13816368990692568,29.25298709344078,0.934422637196958,29.26790733130606,6.641150641352841,0.11590994481254015,7.8545454545454545,0.1370876794293728,8.061626107304159,252.37685291586763,252.50557558836488,-0.2586343204028465,2.100131678918771,-0.24061082695448893,-0.6728373040692639,0.71456532787067,-0.33761060579129254,2.0888905809892617,2.1159973488850166,0.2189113425196175,12.542696013916848,1.8295661621257677,0.031931953412171026,-12.551185336009382,90.98163863170656,-11.5451799189142,83.68925796251997,0.0,10.174555930130493,0.0,10.818989610932233,0.11270399836662756,0.11225043625416874,0.018771469260680778,0.018428617678705937,0.0,0.0,0.0,0.0,907.372112980656,838.0024434741591,602.2824286516916,652.3430148934935,0.037701843215703086,2.1601564961237227,,,,26.381100525574542,0.28613116637498537
10,1.0,29.230786159851018,0.05498920871520363,29.22404668052427,1.1594614064005226,29.2470383994413,7.929412227363775,0.13839435111539508,8.727272727272727,0.1523196438104142,8.377953269449185,211.16502548689192,211.33115740435625,-0.32017393792734655,2.400643705152522,-0.3041593922551379,-0.9906523197651769,1.036293855309941,-0.44074922637000075,2.381457887318308,2.4219004004327536,0.230776783537481,13.222535706301839,2.272013241027953,0.03965411170484529,-15.63201304021976,101.83145810618925,-14.19785695301128,92.4889501939611,0.0,14.16287846978783,0.0,15.179170231849524,0.1257188632911507,0.12511161773020482,0.026311192673199583,0.025723945025182802,0.0,0.0,0.0,0.0,912.9380899240041,833.1841204434995,598.161689333592,655.7161002989046,0.05041705801209985,2.8886846395595533,,,,29.304952214272795,0.3908253685548594
11,1.1,29.196436811853474,-0.06031890215533589,29.188516095450193,1.4159868809351408,29.22284193403057,9.280671597968036,0.1619782761808657,9.6,0.16755160819145562,8.74183201798026,180.20018970234108,180.41210601229147,-0.39043776355420884,2.7298657855398396,-0.3828275676957192,-1.3155098976456134,1.3700814710780498,-0.5681053670283656,2.6984931251021975,2.757645527305904,0.24090171777193134,13.802651705783363,2.777342908811258,0.04847377821567308,-19.186818991914414,113.43928561280052,-17.18937015909883,101.62965897598231,0.0,18.866399956163562,0.0,20.399977089200135,0.13954233797091384,0.13877653336882545,0.03532093176647632,0.03438117176122191,0.0,0.0,0.0,0.0,919.073321667575,827.9071977924897,593.6147471191638,659.4047334207718,0.0654356893769129,3.7491888308261445,,,,32.22558035307152,0.5195977829216427
12,1.2,29.153296284980257,-0.20812647646244992,29.145483576373667,1.7069075160576792,29.19542337711583,10.68532775919205,0.18649415105264905,10.472727272727273,0.18278357257249706,9.15260616176538,156.280952576071,156.54873470468084,-0.4702126179763298,3.0885469169109285,-0.4799829697685734,-1.640641588496667,1.7094117330744885,-0.7242215116305664,3.0390335908238484,3.1241353946434773,0.24941577966373574,14.290471518696924,3.351703321982522,0.058498258518626646,-23.267945849958952,125.87696177330965,-20.540683154046924,111.12277829992422,0.0,24.259601558464997,0.0,26.493476714039776,0.15424060466497255,0.1533240144734374,0.045810264519959294,0.044386061970054166,0.0,0.0,0.0,0.0,925.8145350079149,822.1459723500213,588.6135639186994,663.4259287233647,0.08285931073858863,4.747488798684148,,,,35.14228033666271,0.6757425027712836
13,1.3,29.09934358384955,-0.38817022327812656,29.093960111359543,2.035169156565069,29.165054919495933,12.134460816342036,0.21178629419940745,11.345454545454546,0.1980155369535385,9.609541374045929,137.3741403868473,137.70983164772488,-0.5602566823061652,3.4766858932368745,-0.5990710528456089,-1.9602333478168656,2.0497319103362917,-0.9139823919902932,3.4008629107085007,3.521538349968802,0.25642708327143215,14.692189624302777,4.001413526684919,0.06983784077448982,-27.928478154880384,139.19359150137032,-24.269349389172266,120.95674838230167,0.0,30.302433452257745,0.0,33.462061437692036,0.16985231756470795,0.16880691637033576,0.05776994819964077,0.05570555514448049,0.0,0.0,0.0,0.0,933.1814387809736,815.8917092735185,583.1423895525382,667.7844623929699,0.10277333300119146,5.888478227460853,,,,38.05425252104937,0.8628463364024211
14,1.4,29.032215597879787,-0.5996413152915661,29.032883300572085,2.403686133667257,29.13221618369982,13.619716129166685,0.23770888964093595,12.218181818181819,0.2132475013345799,10.111889956232066,122.13629597288868,122.55417215445588,-0.661279533442983,3.8936536488068754,-0.743488666549614,-2.269188492451925,2.387884379856773,-1.1424982000998511,3.7805458892845443,3.9494087352688205,0.2620248255591375,15.012916632190198,4.732829594952071,0.08260345936774324,-33.22121209135242,153.4184736635132,-28.388682328801266,131.10142701074864,0.0,36.942789282558586,0.0,41.300072354379076,0.18639354747056117,0.18525650011720987,0.07117551917544479,0.06829199014561532,0.0,0.0,0.0,0.0,941.179297361694,809.1497187377153,577.1959532715402,672.4750306290507,0.12524809219320862,7.176187074736289,,,,40.96059469164595,1.0847891009140371
15,1.5,28.949217854375245,-0.8412466976386886,28.961123017284915,2.815283645062488,29.09763681855395,15.133201966634871,0.26412420068705955,13.090909090909092,0.22847946571562133,10.658938627127549,109.64963809430974,110.16649266846056,-0.7739261323004238,4.338296579097739,-0.9164662035412123,-2.562919154490526,2.7218495356444072,-1.414960711707358,4.173447621666439,4.40678781727333,0.26628139536333495,15.25680011717354,5.552224149811525,0.096904592222954,-39.19772429376074,168.56333542003588,-32.907194864663836,141.5119531974396,0.0,44.11884093827887,0.0,49.99499272043249,0.2038618818268253,0.20268603241861977,0.08599036012885765,0.08208669186793584,0.0,0.0,0.0,0.0,949.8011144719075,801.9368936748223,570.7779265668622,677.4840652864083,0.1503397467096084,8.613832979526366,,,,43.8602950075388,1.3457375898505246
16,1.6,28.847346674928342,-1.11125092962902,28.877488521979775,3.2726496510666907,29.062339532042163,16.66739794854296,0.2909009719422231,13.963636363636365,0.24371143009666277,11.250047152529568,99.26913729155652,99.90458037319428,-0.8987637738024259,4.809023540986315,-1.120957385396873,-2.8371654853161,3.0505824773221155,-1.7364724170782955,4.573745432748351,4.892288190495337,0.2692540297399353,15.427119520988244,6.465672771940398,0.11284727822690838,-45.90748594879122,184.6239661621359,-37.82826937441615,152.13216277504006,0.0,51.76124095126161,0.0,59.52830163202658,0.22223976471599083,0.22109369835567202,0.10216830445848404,0.0970229803876311,0.0,0.0,0.0,0.0,959.0294833612965,794.2796362731984,563.8996190684904,682.7912612970149,0.17809100534107253,10.203862975285258,,,,46.75222558450204,1.650134254656984
17,1.7,28.72332204946078,-1.4075013302776995,28.780736775866973,3.7782947610176776,29.02768197191907,18.215071877220204,0.31791297774491684,14.836363636363638,0.2589433944777042,11.88468236754166,90.53023560101316,91.30700538815357,-1.0362711484535998,5.303878658033422,-1.3595351239543807,-3.0878425276574903,3.373886072302361,-2.111849552295414,4.974442499489708,5.404163830997332,0.2709860863139399,15.526359052556595,7.4789410728165535,0.13053214628328583,-53.396979112587665,201.58134422032572,-43.1500222961328,162.89759537241264,0.0,59.79518850287119,0.0,69.87605743545453,0.24149715011461573,0.24046490123390574,0.11965582370756819,0.11302864468295556,0.0,0.0,0.0,0.0,968.838147748449,786.2121150244864,556.5788774244737,688.3708598025911,0.20853170282542952,11.947986466573417,,,,49.63513684939438,2.002681475261202
18,1.8,28.573630707262097,-1.7274392187617211,28.669581779397756,4.334518773991717,28.995395710485873,19.769203003240353,0.3450376829016954,15.709090909090909,0.2741753588587456,12.56245038959024,83.09116134299452,84.0354464087534,-1.1868287809307645,5.820601601447362,-1.6342917200192797,-3.3109152420229426,3.6922986290363102,-2.545400854785531,5.367392294818247,5.940367459847682,0.2715080168216316,15.55626346784645,8.59736662109849,0.1500523545392284,-61.70878085470558,219.40234181232898,-48.865329169899795,173.73812129832066,0.0,68.1423498015017,0.0,81.00926175685738,0.26159353137481844,0.26077400691158104,0.1383938266036886,0.13002791161019472,0.0,0.0,0.0,0.0,979.1933079560855,777.774806027256,548.8391639618445,694.1927220548142,0.24167923585776013,13.847200210596442,,,,52.50765277715762,2.4083221520116718
19,1.9,28.39457902962764,-2.068100113132698,28.542704829987475,4.943382688360378,28.96762039614872,21.322910273789898,0.3721549903849593,16.581818181818182,0.289407323239787,13.283128847061581,76.69574657715253,77.83751701457624,-1.3507102072748431,6.35667668592585,-1.9467418326699022,-3.502302645396597,4.006984849362294,-3.0406850047374965,5.743343212397655,6.4985965064335,0.2708381328436461,15.517881943144447,9.825730534734596,0.17149134924486176,-70.88058766316534,238.04008343155348,-54.96197823200635,184.58021180754076,0.0,76.72262329726891,0.0,92.89403977970967,0.2824794005205829,0.2819855756044545,0.1583190872313463,0.14794293501348352,0.0,0.0,0.0,0.0,990.0546988392067,769.013281703399,540.7087973601068,700.2232220972877,0.2775388695220929,15.901805874447957,,,,55.36826710762688,2.8722172251292757
20,2.0,28.18235558243322,-2.4261058646511415,28.39876565294871,5.606685117695859,28.94693090156695,22.869384621897673,0.3991460595570729,17.454545454545453,0.3046392876208284,14.04670040816017,71.14880624015792,72.52215124881599,-1.528073333500462,6.90937190078377,-2.2977271112184945,-3.6578123849722717,4.319622821646009,-3.600251112337702,6.0920128121998145,7.076328721582651,0.2689832505986259,15.411605019011038,11.168114532107749,0.19492036982510622,-80.94415778145459,257.4340222337927,-61.42292297945799,195.34887450000926,0.0,85.45574356027298,0.0,105.49166102118315,0.30409718231483884,0.3040551115825464,0.17936531393522417,0.1666948283114191,0.0,0.0,0.0,0.0,1001.3764604825603,759.9772170466572,532.2203414389314,706.4259810318513,0.3161039220191945,18.111420619232337,,,,58.21534063177369,3.399720615432088
21,2.1,27.933103122688824,-2.797651849480258,28.236414411887406,6.325942156142769,28.936355040030648,24.401824817212088,0.4258921865552144,18.327272727272728,0.3198712520018699,14.853388617691039,66.29944221394332,67.94291126606339,-1.7189514877256376,7.475768868154441,-2.687322083669446,-3.7731073116100546,4.632282241649654,-4.225368294344731,6.402200962510284,7.670848348600128,0.2659392893642037,15.237198887277215,12.627740710524513,0.22039565248678092,-91.92415315698818,277.5097892318463,-68.2266065690029,205.9692753071475,0.0,94.26272328605025,0.0,118.75841728251248,0.3263816797961658,0.3269293495565999,0.20146386844460362,0.1862042649838862,0.0,0.0,0.0,0.0,1013.1078190559672,750.7195882435708,523.4101305931808,712.7624621072814,0.3573558343248089,20.474981091187825,,,,61.0470996350155,3.99635197912402
22,2.2,27.642999928530053,-3.178492500798586,28.054304650695595,7.102369832122378,28.93937916863944,25.91337677417649,0.45227374501920686,19.2,0.33510321638291124,15.703696954199184,62.02947873859935,63.98642301779084,-1.9232437361105985,8.052784651437724,-3.114741799505985,-3.8437057147565064,4.947291188038319,-4.9157523403863195,6.66195061816778,8.279263681688104,0.2616918799156456,14.993840252010845,14.206793418615115,0.24795532130549483,-103.83686579510116,298.1788618240847,-75.34733322141423,216.3680682136045,0.0,103.0671393925164,0.0,132.6453701447376,0.34926005966529744,0.35054608502511053,0.2245441449220861,0.20639167338850561,0.0,0.0,0.0,0.0,1025.193593257005,741.2960414325149,514.3179216876408,719.1924436228396,0.40126413090352997,22.990741170757254,,,,63.86163558814465,4.667767578537278
23,2.3,27.308350199289652,-3.5639286268670265,27.85110725996755,7.936868379425746,28.959938799633974,27.39707647449728,0.47816918990065777,20.07272727272727,0.35033518076395265,16.598452068973064,58.24529862694367,60.56420909438051,-2.1407040784503524,8.637186294629652,-3.578252785301993,-3.865016806612303,5.267091029298529,-5.669299639075247,6.858763929602297,8.898516788748127,0.2562170177133723,14.680153754404886,15.906225398028228,0.27761600475993814,-116.68881576516455,319.3380913753622,-82.75566359356392,226.4744524929834,0.0,111.79627522937106,0.0,147.09797853858626,0.3726513970709354,0.37483354348310394,0.24853361966221993,0.22717705376323696,0.0,0.0,0.0,0.0,1037.5745408734801,731.7644110751002,504.9866627582532,725.6743852931666,0.4477862776495232,25.656263833190945,,,,66.6569061836778,5.419729489114681
24,2.4,26.925683058405102,-3.9488001056877944,27.62552559764422,8.830007640282966,29.002391271644335,28.845796793679266,0.5034541294109266,20.945454545454545,0.3655671451449941,17.538852349100083,54.8719813460818,57.60681972274014,-2.3709291680162026,9.225598922514742,-4.075090032388973,-3.8324127698030566,5.594081373221656,-6.481840797607789,6.979879689029202,9.525386112848926,0.24948177249200473,14.29425262923487,17.725553887766537,0.3093692770812075,-130.47520995983936,340.86912379990736,-90.41881190502423,236.22097407301374,0.0,120.38213547467444,0.0,162.05561657613808,0.39646578958192397,0.39970926916649485,0.27335758259540227,0.24847944493389995,0.0,0.0,0.0,0.0,1050.1875595080915,722.1843685396225,495.46236913185027,732.1657028204361,0.49686744361510243,28.46840749659977,,,,69.4307378265584,6.258073290100118
25,2.5,26.491859360561335,-4.327487653282468,27.376311928990432,9.782012993452376,29.071467679452564,30.25219852203167,0.5280004701764149,21.818181818181817,0.3807991095260355,18.52652326272365,51.849029452272056,55.05954884801378,-2.613344205059561,9.814508140873468,-4.601383924486385,-3.7413381820904092,5.930459123313244,-7.346928561942148,7.012615680836121,10.156482559498144,0.2414450428177632,13.83378193781328,19.662656461988142,0.3431780949502323,-145.17825180319156,362.63774156568,-98.30102196012155,245.54408221929785,0.0,128.76235263727654,0.0,177.45099198210582,0.42060303908052293,0.4250784967940497,0.2989385603633475,0.2702160653122487,0.0,0.0,0.0,0.0,1062.9657547463767,712.6171826585432,485.7940980699714,738.622964525109,0.5484401735944695,31.423307262385322,,,,72.18082970289014,7.188674321786886
26,2.6,26.013825596096236,-4.702778319282949,27.111925926277465,10.783900353511282,29.1778860486228,31.54556686606478,0.5505740062208595,21.818181818181817,0.3807991095260355,19.586649990129363,49.24301841340776,52.99539338752992,-2.674375849199793,10.223239060304623,-4.9592913648155665,-3.764475137919222,6.226222282021916,-7.996120844675572,6.9086145140879065,10.56725617494538,0.2100256780711279,12.033584942848952,21.69042979605035,0.3785694161137607,-149.92479022627833,374.494021363954,-99.24066156252223,247.89118847707388,0.0,136.88100390593274,0.0,193.20947510129608,0.4297189233210129,0.43559998390717375,0.3251954364739959,0.29230114671872864,0.0,0.0,0.0,0.0,1075.838387358002,703.1255757802187,476.0340142533392,745.0020226084405,0.6023688974143332,34.51319553179014,,,,74.90524159565354,8.21696998913507
27,2.7,25.155070541408143,-5.075122165491084,26.496878022350973,11.82706902599301,29.016617767702517,31.24386431322947,0.5453083033122111,21.818181818181817,0.3807991095260355,21.688774871307128,48.590637372305764,53.21139911396017,-9.626582229330042,10.64013438932996,-12.215809728946255,-3.6824017862434832,12.758765232151077,-14.12141190701805,2.5434761633213467,14.348642627128708,-0.3153397362440962,-18.06763599955527,24.05393375897436,0.41982034215071873,-154.26544118601598,385.3364432929495,-100.59527117898385,251.2748397190156,0.0,145.79650347723984,-642.0258307402836,208.90908208190905,0.43944787108152367,0.4469566418958546,0.3518839307469698,0.3145850186302741,0.0,0.0,0.0,1.0,1084.0249207653262,695.7902666282071,470.0077372846854,750.1770753217816,0.6571630128909868,37.65266709075485,,,,77.58568179308496,9.347518458110285
28,2.8,23.93361906592268,-5.385234757784287,25.54326323470463,12.918946684310193,28.624421044092095,29.824984629997537,0.5205441811501598,21.818181818181817,0.3807991095260355,24.81815598392695,49.07030788100625,54.98941699981255,-9.445713523596874,11.197418777013683,-12.213219780763012,-2.519850059620577,12.470460365848197,-14.463186991656327,2.3280707210183023,14.649358048654538,-0.17994270699693202,-10.309957665083392,26.82879337172007,0.4682507786737462,-168.09833615078423,419.8893444818902,-110.723125472256,276.5729967239462,0.0,137.284811707743,-601.2139598300846,209.49062134235382,0.45633673753693904,0.46623953423111614,0.37561460041189637,0.3352897718166744,0.0,0.0,0.0,1.0,1140.4229842410418,736.3564383795097,415.8130814200994,707.4074959593493,0.7104556371141053,40.706109537916205,,,,80.18768885593774,10.584819243625441
29,2.9,23.026657953063562,-5.547307155400486,24.914840065568427,14.065663035457236,28.611049126515475,30.116179258465447,0.5256264861810463,21.818181818181817,0.3807991095260355,26.759806450492434,47.40027513945859,54.43228200768541,-3.1227498591271523,11.736908245927172,-5.926002476419353,-0.7215978927034019,5.9697746079129566,-10.36681886016188,6.327372960129966,12.145228769191295,0.2815888076146633,16.133850234441507,29.446883076240148,0.5139450641301869,-176.80157044545018,441.6289727645973,-114.1378574235391,285.10258478197136,0.0,142.6367462615216,0.0,224.1324644459941,0.47768063048344545,0.4903885567824528,0.39746247542603247,0.35508239977389777,0.0,0.0,0.0,0.0,1149.7433049523966,724.513494666335,409.43816348947814,716.3050368917906,0.7627641704806656,43.70316773233935,,,,82.71059402095139,11.934049729613815
30,3.0,22.43309908084511,-5.586754779612194,24.60723440260759,15.254311783595139,28.95185681326854,31.329274025642736,0.5467989840070041,21.818181818181817,0.3807991095260355,27.897476458002604,45.00234112046629,52.947897966280216,-3.02936340008957,12.03606671683089,-5.945174967949703,-0.06735459153075674,5.945556495445656,-10.845070846401665,6.03559300800967,12.411444098967957,0.1418611489044929,8.128045109104365,31.79525700891661,0.5549319213233989,-174.53719221599695,435.9728293892618,-107.70163387930455,269.0256755941052,0.0,163.89776183184316,0.0,252.47640866592852,0.48657335656249745,0.5011604130802555,0.4204676015239176,0.3740321893136336,0.0,0.0,0.0,0.0,1115.8930384252105,670.1757382018839,446.13978170896394,767.7914416639419,0.8163854439900681,46.77544039654476,,,,85.18669774436019,13.400048470566436
31,3.1,21.831919710247316,-5.593252094821679,24.304587202272216,16.466305323080466,29.357318850088514,32.03128760556763,0.5590514323704059,21.818181818181817,0.3807991095260355,29.4540079313678,43.474689080429606,52.51273344495697,-3.0235806066179305,12.203804072875622,-6.078412444006153,-0.06259171265894281,6.0787347007368595,-11.286716433630021,5.539395786606847,12.572783046479872,0.10318781836354161,5.9122264893934675,34.11755519481804,0.5954636708804703,-175.01624742414174,437.1694514494476,-106.68380909305671,266.4832721885672,0.0,169.73927995532156,0.0,263.6083758671253,0.48564562118019405,0.5011589129079995,0.44009811905218427,0.38886204437427063,0.0,0.0,0.0,0.0,1120.922171869557,663.8441194620752,442.6917838778762,772.5419247904919,0.8716779648089386,49.943468478105274,,,,87.63228882460417,14.986079325900217
32,3.2,21.22043296987592,-5.589105519274179,24.002187833531174,17.694029987175167,29.819183724293424,32.54067844939143,0.5679419797746433,21.818181818181817,0.3807991095260355,31.154643638415447,42.261689905463804,52.50392608083934,-3.0244067682029447,12.350689209018402,-6.1513223634217775,0.14552322360894365,6.15304346054393,-11.69884770431876,4.982321008171901,12.715603022952369,0.07462312972120723,4.2755903870824294,36.39704752776183,0.6352483173643061,-175.47175301862657,438.30724941851554,-106.30527507481544,265.53773992202025,0.0,174.62427489395165,0.0,272.2160657982827,0.48553890468728195,0.5018803707521812,0.45619585016159153,0.4009943680358642,0.0,0.0,0.0,0.0,1124.0668165166298,660.6188206865437,440.43367774838214,774.8806850484444,0.928027635416191,53.17206678085323,,,,90.04762757639435,16.694096091413
33,3.3,20.602756298502822,-5.559602022878888,23.699571324608318,18.936390518470255,30.33573086045904,32.893598964751625,0.5741016047655141,21.818181818181817,0.3807991095260355,32.98438875851014,41.281144535884316,52.84035196670346,-3.027923410254211,12.496521416883319,-6.202211064040174,0.44454670429687404,6.218122212951718,-12.087598927838126,4.384212570201806,12.858124579462938,0.04856937009620825,2.782819920121642,38.6254937206782,0.6741420406342296,-176.0189649225818,439.67411867436795,-106.08570062905272,264.98926947188096,0.0,179.25683895768745,0.0,280.35195459326707,0.48587169754414394,0.5030642405031372,0.47159201051926075,0.41256637021496095,0.0,0.0,0.0,0.0,1126.8616107553476,657.8355491388805,438.41521225313,776.8876278526423,0.9851298146431989,56.44378065156039,,,,92.43271553430131,18.525617116695265
34,3.4,19.981594532689957,-5.4975606634815914,23.39671276364437,20.192434386175037,30.90534864039659,33.10211022696078,0.577740812818553,21.818181818181817,0.3807991095260355,34.950680198036714,40.496901455692054,53.4934488869195,-3.029247809024768,12.624355937212325,-6.221024252217136,0.7962804836490527,6.271778484235085,-12.431002710105366,3.744446119156011,12.982707927004654,0.024214790964570836,1.3874053240614286,40.79569671280996,0.7120192282835615,-176.44480729394124,440.7378214941408,-105.7832494474967,264.23378294376084,0.0,183.385346907527,0.0,287.8252788296327,0.48584021291699386,0.5037943808212918,0.485807563583935,0.42311957177032505,0.0,0.0,0.0,0.0,1129.6551745664583,655.0910328514514,436.3924121670738,778.8613804150168,1.0427219355224022,59.743566111146,,,,94.78752973871394,20.482058361927532
35,3.5,19.36045014305423,-5.398716142304677,23.093965454480216,21.45989181336647,31.525516602493905,33.175088337011566,0.5790145211208221,21.818181818181817,0.3807991095260355,37.062786908738794,39.88495039774872,54.44684969466512,-3.0256983742582806,12.724792606616287,-6.201863540497439,1.1806099398892353,6.3132361911397465,-12.71459318576845,3.068276006782337,13.07957176414372,0.0012593750808098628,0.07215687695435213,42.89954041404048,0.7487382278173779,-176.54927533364582,440.99877004196895,-105.3480887276846,263.1468040148185,0.0,187.0214954407767,0.0,294.37261434867366,0.48501585968909033,0.5035606290270117,0.49850153348923404,0.4323545481271263,0.0,0.0,0.0,0.0,1132.0917130967428,652.6729660561673,434.63151458416223,780.603806262928,1.100559702219371,63.05742603934462,,,,97.11206364962017,22.56467467190461
36,3.6,18.74330076892407,-5.260669914363201,22.7919210907522,22.7356462630575,32.19287619964944,33.11995353488946,0.5780522372913557,21.818181818181817,0.3807991095260355,39.33147351802057,39.42882601328708,55.69198443119816,-3.01518890030199,12.79029638720438,-6.141123942105784,1.5803146189402835,6.341198433036239,-12.926532545143136,2.363853239182384,13.140892122570587,-0.020505051670136904,-1.1748529193965245,44.92917898616032,0.7841621035263454,-176.1884971017516,440.0975895855633,-104.72972342327849,261.6022021569837,0.0,190.15308498551974,0.0,299.7896438189252,0.4830669261630085,0.5019534365321892,0.5093753586692561,0.4400182303827547,0.0,0.0,0.0,0.0,1133.9740370370207,650.7411372236577,433.280026339066,782.0047994002558,1.15841304013998,66.37217813293967,,,,99.4063579768818,24.77445157572581
37,3.7,18.13440079658819,-5.082672212338383,22.491364971188958,24.01587340068059,32.90324715684978,32.943101020122974,0.5749655786182486,21.818181818181817,0.3807991095260355,41.76923679221857,39.11775905827263,57.22646429708458,-2.9959334909628517,12.814246365257429,-6.0368755046118245,1.979639421556083,6.353175434187315,-13.05703046409553,1.6414879991846836,13.15980727031312,-0.041228121792004156,-2.3621973759331745,46.87748479750357,0.8181664547700246,-175.2423389917436,437.73420088294625,-103.88189929672082,259.4844398704082,0.0,192.7637322897033,0.0,303.8915119188144,0.4797152006978029,0.49861748528665817,0.5181444489945041,0.445876330952912,0.0,0.0,0.0,0.0,1135.1445237929665,649.4240720940142,432.4557452579186,782.9756588551008,1.2160639309354602,69.6753308606903,,,,101.67052227997885,27.112027558912715
38,3.8,17.53811771747891,-4.865481812273499,22.193247071236833,25.296126960275817,33.65166050517203,32.65025432004781,0.5698544394983367,21.818181818181817,0.3807991095260355,44.390506078262554,38.94546665421146,59.05308123035208,-2.966424508079672,12.790824826647142,-5.8887860775737035,2.3641685797415857,6.345635865763433,-13.098512030878965,0.9131575357120179,13.130303656355728,-0.060994660606234395,-3.4947366255700945,48.73830107552515,0.8506438255962073,-173.61134049374994,433.66016359111245,-102.7636136751636,256.69109742971926,0.0,194.8328268910293,0.0,306.50766612358694,0.4747341531871045,0.49325268041003306,0.5245339673662438,0.4497101254041734,0.0,0.0,0.0,0.0,1135.4650022698354,648.8350334020906,432.2618490674281,783.4381152606461,1.2733049318412895,72.95499862769883,,,,103.90475288210014,29.577627576960527
39,3.9,16.95877495137902,-4.611230437825884,21.898653204162766,26.5714198591562,34.432417363405506,32.24687306525299,0.562814108461341,21.818181818181817,0.3807991095260355,47.21171601721026,38.90921154061112,61.17902313703393,-2.925452833401691,12.715033150960513,-5.698069244424158,2.7208589092107207,6.314353990558642,-13.045822456586146,0.19198630606219957,13.047235044655354,-0.0798119601336816,-4.572888470326338,50.50659329257775,0.8815063469211655,-171.2184088904992,427.6829094118821,-101.33930850717383,253.13335511635725,0.0,196.33152518562434,0.0,307.48262807748847,0.4679527437153482,0.4856223281319535,0.5282791477819566,0.4513173328368577,0.0,0.0,0.0,0.0,1134.8144928746844,649.0739733182669,432.78856912543574,783.3229646816133,1.3299383592392733,76.19985499696386,,,,106.10934789587012,32.17100491793213
40,4.0,16.40050087256529,-4.323280176158479,21.608773223288896,27.83631072315394,35.239172449016195,31.738634534752794,0.5539436727186149,21.818181818181817,0.3807991095260355,50.251157462527544,39.008972008360566,63.61508251564872,-2.87214678407568,12.58278412899428,-5.467412331850454,3.038146324137376,6.2548325871553,-12.89640630783309,-0.5083187281908232,12.906420246766594,-0.09759675472083928,-5.591882139677584,52.178522871685594,0.9106870229380802,-168.01167020540154,419.6728634159325,-99.57964508115246,248.73792837163262,0.0,197.219166437188,0.0,306.6791221163287,0.4592611734989044,0.4755645366498127,0.5291295823096674,0.45051596905186975,0.0,0.0,0.0,0.0,1133.0896506104702,650.2273729520559,434.1128313316803,782.5701451057937,1.3857762482982712,79.39913037696417,,,,108.2847192172427,34.89139144704764
41,4.1,15.867086320606933,-4.0060671819498666,21.324864633667918,29.08500329199408,36.06504218962689,31.131983032721,0.543355606595991,21.818181818181817,0.3807991095260355,53.52848657291958,39.246608252123735,66.3746573180073,-2.806025008343856,12.391067247808538,-5.200878707316664,3.3061135600348734,6.16275313476585,-12.650449020541139,-1.1740798379387656,12.70481498830914,-0.11416456773163816,-6.541147900958293,53.75146325081785,0.938140011491506,-163.96788571352852,409.571978074655,-97.46301568496735,243.45084373994385,0.0,197.44087059937456,0.0,303.9835666986233,0.44861748136688917,0.4630054973847772,0.5268581790650537,0.44715138936440135,0.0,0.0,0.0,0.0,1130.206789368985,652.3667608236129,436.29671975846367,781.1297300489384,1.4406412122640015,82.54266125533786,,,,110.43140111009053,37.73745714780503
42,4.2,15.361853590779345,-3.6649260528231373,21.048210541974605,30.31146562114171,36.9027385856517,30.434723135343404,0.5311861256446342,21.818181818181817,0.3807991095260355,57.06373746934086,39.62492528665169,69.47233145607382,-2.7270568255224235,12.138179335144038,-4.903775889235085,3.5167090224997057,6.034422948449519,-12.310966283658743,-1.7923017782627642,12.440749032986167,-0.12922505129549905,-7.4040500465936665,55.22397743058911,0.9638402322108182,-159.0958875341656,397.40231495547533,-94.9777297505322,237.24289959394127,0.0,196.926981188968,0.0,299.31407772224003,0.4360537384994328,0.4479726929751215,0.5212754388824712,0.44110669779795864,0.0,0.0,0.0,0.0,1126.1053892136638,655.5459433310212,439.38484294526074,778.9638245100543,1.4943682988760327,85.62099656374109,,,,112.55005486887268,40.70728059346184
43,4.3,14.88754095114566,-3.305890692622005,20.78007174906521,31.50957467155537,37.744730465041364,29.656607741234303,0.5176054500569771,21.818181818181817,0.3807991095260355,60.87566247242345,40.146547426766425,72.92181807762358,-2.6357190326654303,11.82400167312913,-4.582476903438635,3.6639981815229383,5.867195006538639,-11.883820549042726,-2.35134845215785,12.114207790248411,-0.1423884604576414,-8.158257835588262,56.59577316216358,0.9877825843915972,-153.43927729291667,383.27278565390594,-92.12460773802401,230.11614534406982,0.0,195.59523797470163,0.0,292.6308937412168,0.42168024422745165,0.43060516169769897,0.5122493197427428,0.4323164238536104,0.0,0.0,0.0,0.0,1120.7528966098287,659.7970460974616,443.40075268828434,776.0493046044256,1.5468078776611134,88.62556310756997,,,,114.64146898342466,43.79833260809668
44,4.4,14.446208057399254,-2.935469887741574,20.521634100847155,32.67328926772908,38.583432943969015,28.80984005946799,0.5028265660106753,21.818181818181817,0.3807991095260355,64.97924230008843,40.81254947140456,76.73308363573985,-2.5330339316956896,11.450290250345104,-4.244180971489474,3.744417916085677,5.659835478974344,-11.377639068447225,-2.841608161660091,11.72712273817708,-0.1531892204683944,-8.777095799738083,57.86764724000384,1.0099809747206763,-147.07746842574633,367.38175534317696,-88.91948173223714,222.11012762629466,0.0,193.35668725115684,0.0,283.9486580723936,0.4056859357173986,0.4111572921942602,0.4997301024167732,0.4207828255954728,0.0,0.0,0.0,0.0,1114.1503823667929,665.1256483264619,448.3427507212946,772.3812185854508,1.597829478464496,91.54888549760507,,,,116.70655427592028,47.00747580506092
45,4.5,14.039168830417344,-2.5603993007227484,20.273953838018976,33.79685033092977,39.4114234266842,27.90937753968409,0.48711053024964174,21.818181818181817,0.3807991095260355,69.38230284943553,41.62084902502246,80.90858435453252,-2.4205713248679017,11.020931013668648,-3.89660356814874,3.7569938242908316,5.412810911446006,-10.803607271597388,-3.256095187168866,11.283620250026859,-0.1611314947522772,-9.232154595939857,59.04142483392847,1.030467258420798,-140.12415889401785,350.0132278008326,-85.39490864025866,213.30616966301145,0.0,190.12614734938776,0.0,273.3492701248408,0.38833339171798636,0.3899927118228486,0.48377821452714764,0.40659332617378025,0.0,0.0,0.0,0.0,1106.3383180876172,671.5055367264525,454.1796463286276,767.9764988573031,1.6473263332775119,94.38484637756268,,,,118.74633367286359,50.33098278499385
46,4.6,13.666958795526233,-2.1873759297412048,20.0379052883432,34.87500191004265,40.22167831617784,26.972909179309834,0.47076607402035814,21.818181818181817,0.3807991095260355,74.08138316384814,42.56446331660821,85.43877848436136,-2.300399668647616,10.542100568588873,-3.547597129673486,3.7034735953400384,5.128465858894687,-10.17511652321707,-3.5909228302361003,10.790167887190444,-0.16575762983339504,-9.497212611545319,60.11989446170066,1.0492901043081804,-132.7225900080796,331.52500252258574,-81.60036048703985,203.8278465984046,0.0,185.83732098535708,0.0,260.99311268143566,0.36994746053127475,0.3675660711215793,0.4645909763183795,0.3899364803236174,0.0,0.0,0.0,0.0,1097.4014367683615,678.8738727427577,460.8472448228309,762.8774456660501,1.6952201634910118,97.12896071351238,,,,120.76192662918169,53.76457539704246
47,4.7,13.32934283369271,-1.8227858267268169,19.814136318503515,35.90322038851787,41.00781916067624,26.020393548370414,0.45414154008375407,21.818181818181817,0.3807991095260355,79.05733613775234,43.62986991863668,90.29744152695977,-2.1749797281460803,10.022269000915603,-3.204722106996978,3.5883284649477165,4.811064846313047,-9.507256076859248,-3.8455811828101005,10.255555213861424,-0.1667330488986863,-9.553100007243103,61.1067350724513,1.0665137221581709,-125.03749672810993,312.32856754589375,-77.6003661426429,193.83634375751063,0.0,180.46126538465867,0.0,247.1255935835769,0.35089765124153033,0.3443929670032417,0.44252213582274774,0.3711127310213022,0.0,0.0,0.0,0.0,1087.4714435167637,687.1278005693323,468.2464861717965,757.1542697421078,1.7414655441962175,99.7786258498964,,,,122.75452870952404,57.303486511970505
48,4.8,13.025366244723934,-1.4724403546879672,19.60303698660691,36.87793330149499,41.764351110579845,25.073107617344924,0.4376082816295394,21.818181818181817,0.3807991095260355,84.27156169022021,44.79585467078068,95.43775304036811,-2.0470069097859946,9.471989258626833,-2.87480967237855,3.4185809758292747,4.466679587870962,-8.816153813109358,-4.022965292896651,9.690656211230161,-0.16393212018560682,-9.39261861326664,62.00642954558944,1.082216352976427,-117.24437999714452,292.8623030333128,-73.47054948602263,183.52056045776868,0.0,174.0250854750013,0.0,232.0755223345536,0.3315757585895627,0.3210113362456806,0.41808678325724646,0.35053552815405314,0.0,0.0,0.0,0.0,1076.7263275157468,696.1236519559229,476.24414794876486,750.9058725795657,1.7860530352818822,102.33330090818217,,,,124.72538737477956,60.94254419647113
49,4.9,12.413217960561617,-1.1413397130694676,19.06449644524507,37.79670476425082,42.33256330234094,22.757460639235276,0.397192617547669,21.818181818181817,0.3807991095260355,95.15963563878339,47.998113768962604,106.5794313190134,-8.723803917450782,8.903439996489764,-9.368156010867773,3.2034318565407167,9.900723342436041,-6.393639416096361,-10.700344554179658,12.464990917013269,-0.6443811614518016,-36.920320948926324,63.233817931466156,1.1036383215107144,-109.51741092397477,273.561267382045,-69.29210336137639,173.08330661929622,0.0,166.6260666874105,-633.9672482100632,216.24240246246853,0.31237133400873673,0.2979402792701521,0.3919449967591905,0.3287187866110024,0.0,0.0,0.0,1.0,1065.3852633238778,705.6798458801893,484.67683085642955,744.2580599395036,1.8277930802407427,104.72482932101119,,,,126.65876404637217,64.67627609975844
50,5.0,11.506892598830753,-0.8103576620118742,18.213055273592314,38.659209149003125,42.73464442844114,19.52922713667264,0.34084931390476225,21.818181818181817,0.3807991095260355,113.42023460785083,53.43433162573793,125.37694132012177,-8.305019515604352,8.346647698556355,-8.75835122374952,3.416209164611149,9.40102128573954,-5.582909078464214,-10.3668222315224,11.774543598729643,-0.4824849114063328,-27.644349102326302,64.77402403956796,1.1305199892564188,-109.20770003987712,272.7876469936432,-71.78452665329453,179.30907902239812,0.0,140.70957920071518,-592.7673555059914,184.83167912079205,0.3010188902318871,0.2850975027068079,0.35823412371381913,0.3022575012385378,0.0,0.0,0.0,1.0,1101.1512498152485,763.0368882828675,445.9059035938974,689.9059583079868,1.8646951768133644,106.83916370980658,,,,128.52264163231402,68.49907179542112
51,5.1,10.960948172143752,-0.44328595357465805,17.703587924968282,39.46890860651197,43.257505383531736,18.213848144965286,0.3178916195879057,21.818181818181817,0.3807991095260355,124.1583803236994,55.690640564598965,136.0762685081412,-1.8843274568762873,7.847341451620422,-2.160537309990502,3.9252250041331735,4.480548270126466,-6.826966416328609,-4.303950205727208,8.07040629851174,0.02333102506920169,1.3367692681791765,65.84161148780782,1.1491529052811686,-105.08015673229906,262.47754224528353,-70.47830198288298,176.04628753281906,0.0,128.02484893282877,0.0,164.57009007357988,0.29300080845856824,0.27691723853536887,0.31691834688640574,0.27013946468146416,0.0,0.0,0.0,0.0,1087.6585137022532,770.688729141933,456.4558377571729,685.1969193986411,1.8976322234879979,108.72631747388849,,,,130.31847379224203,72.40547768319686
52,5.2,10.764158985565448,-0.06571543664015306,17.527655075531808,40.21680462415393,43.87037800867671,18.166146223470136,0.3170590639982875,21.818181818181817,0.3807991095260355,126.84325789964217,55.28198706732598,138.36657894414796,-1.6343295318531699,7.110578901218798,-1.775246421575587,3.626185334556926,4.037415006891496,-6.084744983873506,-4.025822128506368,7.295982821330196,-0.039982136861566035,-2.290807698082169,66.45102503854464,1.1597891782477958,-91.73899557120227,229.15293271711207,-60.52773099896885,151.19096282628283,0.0,127.12547741898273,0.0,155.00692218223088,0.2686140022296508,0.24861440484898958,0.2817240995557052,0.24048387161501159,0.0,0.0,0.0,0.0,1033.402228519437,735.3939479349319,508.0731507371695,723.1306728084619,1.9293797576673075,110.54531719231026,,,,132.08003594226705,76.38976334473018
53,5.3,10.603905580274015,0.25629543195697413,17.375489298468064,40.88367887971876,44.422773743893345,17.897682845842493,0.3123734941376602,21.818181818181817,0.3807991095260355,130.88075540014188,55.62408342754857,142.2104454365665,-1.4089860094217046,6.226906210077754,-1.4298216842530702,2.8140320373856174,3.1564483769250744,-5.22343970507444,-3.670869130233717,6.3843247508135885,-0.05372926035097972,-3.0784598544707302,66.97459609911667,1.1689272171229363,-79.3583041920124,198.22746071971198,-51.913684263425914,129.6741142961517,0.0,116.12295938735471,0.0,136.12200690837346,0.23529311673294634,0.2091065587431217,0.2507885708366948,0.21321107930081024,0.0,0.0,0.0,0.0,1017.6692987983809,747.6400914067347,519.9120857355082,714.7785240593765,1.960851385574105,112.34850864577588,,,,133.82519316096705,80.4447875199238
54,5.4,10.475226074464054,0.5033991431523437,17.243848581419076,41.46704525142954,44.90953301675507,17.59180897466311,0.307034987989759,21.818181818181817,0.3807991095260355,135.05641660882196,56.16248719508878,146.2684539986466,-1.2238283315580787,5.440421224137801,-1.1437684319461576,2.1280421865217742,2.415940763663908,-4.465136446563383,-3.340433414206098,5.5763732731205575,-0.053040862607044645,-3.0390175691169232,67.42027807168438,1.176705834961026,-69.04421389303128,172.4641086620123,-44.97705923349776,112.34726262451716,0.0,104.59719073861487,0.0,117.46298059638991,0.20805092586179663,0.17718906957789649,0.2195650364988177,0.18640386117328797,0.0,0.0,0.0,0.0,999.3187920915001,762.8476732461405,533.5921368199677,704.241397842392,1.9918218096804758,114.12298323680116,,,,135.55616005496142,84.56232372648124
55,5.5,10.371604176456968,0.6897173904722822,17.128495630937802,41.979795496228434,45.33970216580846,17.30513700381953,0.30203161822535735,21.818181818181817,0.3807991095260355,138.99139349346433,56.71093553575433,150.11574759030287,-1.0832306780674092,4.814583671840078,-0.9286695281955745,1.598322759876997,1.8485298854332357,-3.8595663619072913,-3.075280821825737,4.934937146008596,-0.047026532680988054,-2.694421847754652,67.80367571652712,1.1833973862079237,-61.26812505836725,153.04037777813707,-39.65398780505598,99.05087299985239,0.0,94.33915676384278,0.0,102.13328859233644,0.18741037385104545,0.15327152944510844,0.1933014721221155,0.16407521828118135,0.0,0.0,0.0,0.0,983.0939121534225,776.4901107697108,545.660225152558,694.7557519243089,2.0222751399912315,115.86783053572529,,,,137.27477726557927,88.73466576386413
56,5.6,10.286701053316333,0.8294171249654053,17.02544862732545,42.436935895970116,45.72482289960646,17.057552682384895,0.29771045664000695,21.818181818181817,0.3807991095260355,142.54432435769323,57.187943008373104,153.58823272673004,-0.9777093941796373,4.328224322993638,-0.7693929346171233,1.195671929985465,1.4218286999473304,-3.3834223410236106,-2.870870026992367,4.43727860851906,-0.03939669902601985,-2.2572645809380987,68.13963435561011,1.1892609706104411,-55.515997221393675,138.6722570569636,-35.57494012453526,88.86190447164587,0.0,85.61793524671691,0.0,90.09861654706225,0.1719069136602134,0.13548491237388738,0.17219013554387405,0.14620617091440427,0.0,0.0,0.0,0.0,970.2301266851011,787.3929441028367,555.2162853237709,687.1606438882915,2.0522622437345,117.58596502003553,,,,138.98247447849243,92.95550233347404
57,5.7,10.215658011898507,0.9337769296759092,16.931643455378573,42.85104624372613,46.0748598943287,16.852843959985233,0.2941376154265818,21.818181818181817,0.3807991095260355,145.68366640757637,57.56367960902571,156.64388870327676,-0.8983940447579004,3.9539826321266576,-0.6514678937394078,0.8915241642246117,1.1041855604786963,-3.009366794725475,-2.7174992198010717,4.054761462135068,-0.032060125242483827,-1.8369098670551585,68.43964181234465,1.1944970885109931,-51.2491676583758,128.0142320624481,-32.452140859441,81.06152901050638,0.0,78.48471751880815,0.0,80.82299645109367,0.160238617032024,0.12220232490457156,0.15562687797200608,0.13220967878527454,0.0,0.0,0.0,0.0,960.2593420216839,795.8919959043536,562.6165257369137,681.232136337049,2.0818546473378294,119.28148485215404,,,,140.68032908262765,97.21990144045888
58,5.8,10.154891671137056,1.0114990473249719,16.844797861094438,43.23213174915196,46.39789252279854,16.686941321160518,0.29124206814134357,21.818181818181817,0.3807991095260355,148.4405464672461,57.837790977776734,159.3104073834589,-0.8385178409248357,3.667727476389922,-0.5638589214896088,0.66291818875664,0.8702858199050523,-2.7138767494251175,-2.60580313906185,3.762357905704192,-0.025850820462280415,-1.4811429094390955,68.7123174928125,1.1992561769252732,-48.06510112062399,120.06081835272478,-30.057679089764424,75.0804526603241,0.0,72.81430112220828,0.0,73.7581679010709,0.15142197199298377,0.11221757675685179,0.14284869899202665,0.12141335111680104,0.0,0.0,0.0,0.0,952.6001811011752,802.4449249643665,568.2977153714736,676.657178562985,2.1111236315162256,120.95847411621132,,,,142.3691511484513,101.52406034010278
59,5.9,10.10177348848946,1.0692444909946683,16.763217178751784,43.58799423980599,46.700307194186195,16.55280037873293,0.288900867034254,21.818181818181817,0.3807991095260355,150.8752628099171,58.02411516045823,161.64820712929568,-0.7930958059282337,3.44952233669055,-0.4985047314623101,0.49199068463728945,0.7004011715154242,-2.477859048596947,-2.527532362600768,3.539520491353029,-0.020973201679510983,-1.2016759391126692,68.96408753043323,1.203650393039625,-45.67424933957557,114.08875931820054,-28.216664256222607,70.48181992344853,0.0,68.39499641000782,0.0,68.41849298410867,0.14473162345803112,0.10466106266452724,0.1331021225865689,0.11317360474561056,0.0,0.0,0.0,0.0,946.7472567045255,807.4627403329579,572.6377017595587,673.1523012029581,2.1401307782750054,122.62046120120598,,,,144.04955190044362,105.8650666395507
60,6.0,10.054370498268264,1.1120906629936587,16.685639351781294,43.92463755037805,46.987065715043265,16.44309937721041,0.2869862233649507,21.818181818181817,0.3807991095260355,153.05486456930223,58.14090710048729,163.72585821059218,-0.758460733481562,3.283343874750764,-0.4495550729616027,0.36493275534251834,0.5790299470212178,-2.2862378683494637,-2.4756264042503764,3.369808553033354,-0.01731967170655466,-0.992344091337726,69.19973237000939,1.2077631713555628,-43.86777012309858,109.57639238230009,-26.796273368972408,66.93385501069318,0.0,64.99326473983822,0.0,64.39809110481733,0.13963143285803245,0.09890443571979352,0.1257157901396281,0.10692348022201399,0.0,0.0,0.0,0.0,942.2872538176691,811.2892302535583,575.9444298742433,670.4790860545295,2.1689251327949655,124.27025618900313,,,,145.72199472697025,110.24069822905989
61,6.1,10.011255934150403,1.1438909833602338,16.611121769666838,44.24663171759554,47.26196975157966,16.351466379654624,0.28538692585413034,21.818181818181817,0.3807991095260355,155.04085054061412,58.20561583174021,165.60663951275978,-0.7318909088075745,3.15653946959897,-0.4127362093956002,0.2710736519889827,0.4937935837461771,-2.1273419245437766,-2.4441403522731067,3.2402786493651012,-0.014666278509852956,-0.8403158597779926,69.42280207708247,1.2116564722054473,-42.49330927489045,106.1431551606511,-25.695284713392883,64.1837183022691,0.0,62.390158477572236,0.0,61.37049628301401,0.13572148546204846,0.0944878389760605,0.12012765417764393,0.10219003079532954,0.0,0.0,0.0,0.0,938.8903499599895,814.2030697244523,578.4630344026884,668.4435459128699,2.1975437902559194,125.90998447684639,,,,147.38683278304265,114.64926169245855
62,6.2,9.971374357908209,1.167553425572449,16.538959881891373,44.55742152843756,47.5278971472301,16.272851213869387,0.28401483236917674,21.818181818181817,0.3807991095260355,156.8841357923152,58.23273293133227,167.34301075322347,-0.7113468467017343,3.059256747241423,-0.384895315448299,0.2021751922553192,0.4347633979735655,-1.9922855199779184,-2.42814015014393,3.1408702905173707,-0.012775591189218956,-0.7319874559267664,69.63592738770397,1.2153762105951282,-41.438471629388616,103.50829810229634,-24.83607930555557,62.03752694943802,0.0,60.397674975455026,0.0,59.08042052325371,0.13270097642397002,0.09107008689634283,0.11588664556161438,0.09859385871058242,0.0,0.0,0.0,0.0,936.2973188328874,816.4255245785323,580.3858690272549,666.8912875613256,2.226013878167085,127.5412003565226,,,,149.04433686562058,119.08946435476022
63,6.3,9.933945154927336,1.1852572222676745,16.468627977825527,44.85958031371967,47.78700297565315,16.203475247048846,0.28280399332640394,21.818181818181817,0.3807991095260355,158.62428173687096,58.233364331662486,168.97570085051387,-0.6952912346151746,2.983918958400798,-0.3636887441691575,0.15190074164919043,0.39413619213276135,-1.874407249445347,-2.423592316059598,3.0638541497983214,-0.011441189666237615,-0.6555318804841063,69.84105297017105,1.2189563273892499,-40.61972581953979,101.46316993941942,-24.158960635290132,60.34616627862701,0.0,58.86303122360408,0.0,57.33250445904491,0.13034268559171153,0.08839562032682119,0.11264159340686389,0.09583935843872742,0.0,0.0,0.0,0.0,934.3068624234696,818.1294475967317,581.8621592276744,665.7015307521245,2.254354819451864,129.1650166795685,,,,150.6947162586064,123.56031444686806
64,6.4,9.89839228817524,1.1986226693988655,16.399735212772317,45.15501463965339,48.04088531819908,16.14061706602741,0.2817069111057653,21.818181818181817,0.3807991095260355,160.29075915251573,58.215594173389405,170.53499017694458,-0.6825640664490319,2.9247675602735645,-0.3473685908727724,0.11540820097463156,0.36603823676924313,-1.7687864115799874,-2.4272522770915286,3.003357951765993,-0.010500454746535262,-0.6016317399445831,70.03961305108302,1.2224218545641903,-39.974822543696,99.85227943360636,-23.618102901865978,58.99516897344417,0.0,57.66664138896508,0.0,55.97978227916119,0.1284750436130208,0.08627228223294886,0.1101252658456396,0.0937013141329449,0.0,0.0,0.0,0.0,932.7643939054959,819.4479843063051,583.0064466057318,664.7811751824675,2.282580364673472,130.78222129522229,,,,152.33813441813632,128.06104419453675
65,6.5,9.864292234932432,1.20884454298147,16.331992371261812,45.44512675702169,48.29071878504939,16.082367188162067,0.2806902589481305,21.818181818181817,0.3807991095260355,161.9048944816415,58.18510564800129,172.042731251223,-0.6722927637610826,2.8774747870924346,-0.3346324739833813,0.08902927067745958,0.3462731633863628,-1.6718399443942993,-2.4365528746337177,2.9549684787757324,-0.009832588406160607,-0.5633658173622677,70.23266390251361,1.2257912275454321,-39.45743395718276,98.55990522331919,-23.17853782180009,57.8971884844497,0.0,56.71740206203754,0.0,54.913217313339665,0.12696903656006925,0.08455576159124767,0.10813787742732874,0.09201114075899398,0.0,0.0,0.0,0.0,931.5524814797569,820.4823875989201,583.9057274624215,664.0594034589017,2.310700223176167,132.3933705079318,,,,153.97472079733802,132.5910512643705
66,6.6,9.831334912062173,1.216796596564335,16.265186489512793,45.730941623513466,48.53735997468162,16.0274095980865,0.2797310680523505,21.818181818181817,0.3807991095260355,163.4818110906262,58.14579911613119,173.51436975744883,-0.6638248712192738,2.838822542743058,-0.3245139834217705,0.07001180097984117,0.33198038754225534,-1.5809953030204789,-2.449496017686624,2.9154033835535427,-0.009351229509439042,-0.5357859841490483,70.42098362621367,1.2290780267704444,-39.03322729359522,97.50028820403561,-22.81381039764147,56.98614342266419,0.0,55.9473009687135,0.0,54.0528397098405,0.12572828841138134,0.08313819620787288,0.10653216314197536,0.09064442388316388,0.0,0.0,0.0,0.0,930.5828651406481,821.308747401116,584.6253883591838,663.4829990990523,2.338721289526191,133.9988593472442,,,,155.60457974037675,137.14985468339722
67,6.7,9.799294192590239,1.2231127694007644,16.199161435073012,46.013204824204635,48.78142934963843,15.974848014305296,0.27881369535530565,21.818181818181817,0.3807991095260355,165.03208268004124,58.10030749899013,174.9606642796865,-0.6566762175763373,2.8064414710802574,-0.3163004060169309,0.05631165574874464,0.3212739476204699,-1.4944312071677721,-2.464551227378437,2.8822451986827016,-0.00899622443145756,-0.5154456914749967,70.60514694435602,1.2322922830334262,-38.676911788959714,96.6102551014121,-22.504102270947488,56.21252992192376,0.0,55.306351559924884,0.0,53.3405656912974,0.12468137101450644,0.08193952072595273,0.10520081505134295,0.08951040816698003,0.0,0.0,0.0,0.0,929.789890180397,821.9836184560157,585.2140754719654,663.012415891622,2.366648527696574,135.5989722278638,,,,157.22779713660606,141.73706200578314
68,6.8,9.768005678780083,1.2282496265880078,16.133803101131242,46.292457043443946,49.02337382948235,15.924076368972214,0.2779275629775885,21.818181818181817,0.3807991095260355,166.56303012010676,58.0503888433413,176.3890321070296,-0.6504904612590681,2.7786029137059947,-0.3094698701861791,0.046425487996124115,0.3129327827005806,-1.4108766125005634,-2.480564285912263,2.853729488273981,-0.008726423122884642,-0.4999872151866618,70.78558086058881,1.235441448953956,-38.369985308714945,95.84358981759566,-22.234716050825554,55.53963567460658,0.0,54.75826522729538,0.0,52.73455714130934,0.1237757862984542,0.0809007696252127,0.1040663829359941,0.08854352713688689,0.0,0.0,0.0,0.0,929.125191189235,822.5486133107513,585.7076315051933,662.6185639948206,2.3944855906132188,137.1939184470277,,,,158.84444536341627,146.35234509916555
69,6.9,9.737350031921228,1.2325338004727528,16.069028203446454,46.569089989286915,49.263513981784335,15.874686125335037,0.2770655406077576,21.818181818181817,0.3807991095260355,168.0796893295904,57.99720949851147,177.80455077063087,-0.6450074924366769,2.7540560031533703,-0.30364306699093874,0.03925798969877636,0.30617038048585454,-1.3294579148877417,-2.4966779500662284,2.8285789955036726,-0.008514024273733128,-0.4878176575568442,70.96260574026712,1.2385311159622892,-38.099008082598765,95.16672142943159,-21.994857672371126,54.940498410051035,0.0,54.2769562469937,0.0,52.20489253029723,0.12297326523416702,0.07997886603758181,0.10307341057816163,0.08769679352200158,0.0,0.0,0.0,0.0,928.5534596668389,823.0340704768051,586.132228519403,662.2802413369532,2.422235245792486,138.78385657174306,,,,160.45458692864517,150.99542245080212
70,7.0,9.707240564708325,1.2361976034992812,16.004775882774,46.843387900520234,49.50207915892452,15.826401748618533,0.2762228192567813,21.818181818181817,0.3807991095260355,169.5855108081199,57.941541273951344,179.2106795959771,-0.6400389210124399,2.7319022215130135,-0.2985462772671225,0.034018070831792535,0.30047813366894843,-1.2495849032764097,-2.512265339852101,2.805875900377368,-0.008340402745792843,-0.4778698767732531,71.1364653643974,1.2415655388396423,-37.85428462775074,94.55543179154184,-21.776670746079063,54.39549381599536,0.0,53.843822263623274,0.0,51.730303822598536,0.12224612570925353,0.07914258373251781,0.10218245484446563,0.08693676254365446,0.0,0.0,0.0,0.0,928.0491304198925,823.4619273278576,586.5068205259063,661.9821217263438,2.449899663785713,140.3689109654407,,,,162.0582771329562,155.66604634529247
71,7.1,9.677614086891378,1.239405452921765,15.941001473409932,47.11555802527616,49.73923336771911,15.779036613694753,0.27539614170171,21.818181818181817,0.3807991095260355,171.08285444430248,57.88389544932738,180.60976838808872,-0.6354492662688849,2.71150027360541,-0.2939832790718367,0.03013891761788612,0.29552414914691344,-1.170867015433291,-2.5268755283816837,2.7849649017113083,-0.008193148355633248,-0.4694328217023355,71.30734872714967,1.2445480161565494,-37.62886493148501,93.99236061150695,-21.574482857541522,53.89045288623831,0.0,53.44568307638487,0.0,51.29575251954163,0.12157448297812079,0.07836944745376806,0.10136561803511838,0.08623976338807457,0.0,0.0,0.0,0.0,927.5938287624485,823.8479310240532,586.8450332939262,661.7132069195723,2.4774806118336374,141.94918288355638,,,,163.6555660007654,160.36399364158228
72,7.2,9.64842421196513,1.2422732664600207,15.877671925136896,47.38575278563419,49.975094125209196,15.732463263183243,0.27458328339159876,21.818181818181817,0.3807991095260355,172.57333440089536,57.82461236903796,182.0034107973605,-0.631141699191815,2.6923949335552266,-0.2898142194531005,0.027217353147223733,0.29108944692233446,-1.0930527419573697,-2.540190155478928,2.765380683141579,-0.008064017846591566,-0.46203418852787126,71.47540571605035,1.2474811639438537,-37.41779482679691,93.46513297840465,-21.384226837036778,53.41521632195838,0.0,53.073248457181826,0.0,50.89065071033337,0.12094413973529744,0.07764338118813008,0.10060325801506009,0.08558912023290158,0.0,0.0,0.0,0.0,927.1744330855557,824.2033135894484,587.1565990092635,661.4656543157326,2.504979583088303,143.5247578774003,,,,165.24649967069274,165.0890591821278
73,7.3,9.61963650612876,1.2448825577247682,15.81476247169488,47.654085755903154,50.20974607849656,15.686593520475322,0.2737827053543029,21.818181818181817,0.3807991095260355,174.0580570793684,57.76392066558389,183.3926873266885,-0.627047369648501,2.67426447182411,-0.28593989727430213,0.024968472147725684,0.2870279593604606,-1.0159863557662252,-2.5519895364089282,2.746794289538951,-0.00794754289932653,-0.4553606656305759,71.64075830712595,1.250367111084827,-37.217559175479735,92.96496850147578,-21.20300321413216,52.9625415961491,0.0,52.71999609900781,0.0,50.50756881803594,0.12034500994218134,0.07695294558319932,0.09988159372030175,0.08497312714500199,0.0,0.0,0.0,0.0,926.7816243789438,824.536043534804,587.4484306869933,661.2339013992591,2.532397882525598,145.09571071658323,,,,166.83112139053432,169.84105110920467
74,7.4,9.59122500141435,1.2472905875800506,15.752254227636646,47.9206430911009,50.44325076278067,15.641365269207002,0.2729933234547514,21.818181818181817,0.3807991095260355,175.5377841650539,57.701976108025875,184.77833129549643,-0.6231175115161833,2.6568822321308705,-0.28229019701391217,0.023192124957924776,0.2832412928762636,-0.9395773803040967,-2.5621266508491978,2.7289739149670953,-0.007840095091702744,-0.44920435973579936,71.80350850443284,1.2532076378861026,-37.02567248170244,92.48565871227791,-21.028754057072398,52.52728824379756,0.0,52.381359575141815,0.0,50.14130515799424,0.11976995510744859,0.0762900325004724,0.09919097923161724,0.08438358688349502,0.0,0.0,0.0,0.0,926.4088135551062,824.8517496768718,587.7254169846482,661.014019783374,2.5597366839660505,146.66210865606732,,,,168.4094722255009,174.6197875515549
75,7.5,9.563169708378311,1.249537615419905,15.69013246873463,48.18549164375632,50.67565354129092,15.596733696802493,0.27221435556595047,21.818181818181817,0.3807991095260355,177.0130437962234,57.63888695772078,186.1608416497106,-0.619317666524149,2.6400888209775695,-0.2788156637068413,0.02174843183916364,0.27966259781341724,-0.8637792793204568,-2.5705074812838578,2.7117565072697163,-0.0077392626843164015,-0.44342708835441813,71.96374393819703,1.256004273783649,-36.84038081593307,92.02282250664128,-20.86002289749695,52.10581818281936,0.0,52.05414629386993,0.0,49.788221182281454,0.11921393430361338,0.07564890878479841,0.09852467002147272,0.08381476544868294,0.0,0.0,0.0,0.0,926.0513568217195,825.1543956541452,587.9910037531491,660.8032437709863,2.5869970679170855,148.22401360436777,,,,169.98159156031946,179.42509428829774
76,7.6,9.535454854018441,1.2516520406413338,15.628385410397048,48.44868469240137,50.90698850805887,15.552665507420972,0.2714452205658506,21.818181818181817,0.3807991095260355,178.48420610024365,57.57473046612629,187.54055938777975,-0.6156235002274985,2.623772151923434,-0.2754814234905546,0.020540072589413594,0.27624610272429306,-0.7885747311436887,-2.5770763459088566,2.695027383764641,-0.007643437317681918,-0.43793669927596857,72.12154179324892,1.2587583659068893,-36.660446738135114,91.57336890878553,-20.695779991134916,51.69555923637569,0.0,51.73612365642714,0.0,49.44576980618497,0.11867338938015193,0.07502552288209907,0.09787794735726159,0.08326264955423729,0.0,0.0,0.0,0.0,925.7059873397528,825.4467677071681,588.2476153926173,660.5996295604621,2.6141800467236758,149.78148356457896,,,,171.54751745427603,184.2568031051056
77,7.7,9.508067641133335,1.2536540237988032,15.567003345462917,48.71026596182778,51.13728193040428,15.509135101738634,0.2706854716619649,21.818181818181817,0.3807991095260355,179.95153438695712,57.509563590110844,188.9177192127441,-0.6120177984551375,2.6078532366047216,-0.2722628342115537,0.0194995905599753,0.2729602259028129,-0.713965547402064,-2.5818050829639456,2.6787057115882655,-0.007551540760031489,-0.43267141437081835,72.27697155581947,1.2614711270193384,-36.48499539140073,91.13511263180082,-20.53529639013381,51.29469058075733,0.0,51.42572683517757,0.0,49.112162803635805,0.11814580419722637,0.07441700663412731,0.09724750083522225,0.08272442265715461,0.0,0.0,0.0,0.0,925.3704071292873,825.7308244170108,588.4969574749987,660.4018109787035,2.6412865813350663,151.33457359503694,,,,173.10728689206903,189.11475063781708
78,7.8,9.480997379529809,1.255558021517434,15.505978039110566,48.97027243055035,51.36655465253338,15.466122056170258,0.26993475239548637,21.818181818181817,0.3807991095260355,181.4152197743072,57.44342994559097,190.29248437516966,-0.608488328591862,2.5922761378466843,-0.26914239785896277,0.018580363812641387,0.26978298731514244,-0.639965831930938,-2.584685155844476,2.662734237749205,-0.0074628445695387735,-0.42758949699669735,72.43009692981343,1.2641436689638805,-36.31340519854484,90.7065010509393,-20.37805398703236,50.901918046091666,0.0,51.12185367469853,0.0,48.78613758665729,0.11762939112065462,0.07382132024966448,0.0966309954293669,0.08219809735789531,0.0,0.0,0.0,0.0,925.042996325875,826.0079455575883,588.740232389299,660.2088257272379,2.6683175925379388,152.88333645293235,,,,174.6609359612977,193.99877755743597
79,7.9,9.454234880432052,1.2573745512202943,15.44530230629334,49.2287362829602,51.59482376508357,15.423609459350956,0.26919276760741667,21.818181818181817,0.3807991095260355,182.8754045679044,57.37636431903826,191.66497013890074,-0.6050263277526392,2.5770009103501965,-0.2661075840961639,0.01775023024456246,0.2666989257331794,-0.5665973776489129,-2.5857219419073196,2.6470720710285893,-0.007376851191854622,-0.4226624393893209,72.58097717289165,1.2667770259818047,-36.1452307678411,90.28642163145315,-20.22368175569671,50.5163148539007,0.0,50.823721516194176,0.0,48.46679451555101,0.11712286962312402,0.0732370011756765,0.09602676949110131,0.08168225886242181,0.0,0.0,0.0,0.0,924.7226074971105,826.2791079498323,588.978291924418,660.0199926286393,2.6952739685380838,154.42782302870842,,,,176.2084999785679,198.9087279931115
80,8.0,9.427772035940064,1.25911141352356,15.384969717850423,49.48568626192245,51.82210375923188,15.381582813722705,0.26845926426763483,21.818181818181817,0.3807991095260355,184.33219802237383,57.30839559521664,193.03525956015778,-0.6016254411057302,2.5619986688948275,-0.26314930574360573,0.016987015820749463,0.263697015189471,-0.4938865949436021,-2.5849306339125517,2.6316896380091124,-0.007293215603782412,-0.4178704731756886,72.7296680294054,1.2693721709955803,-35.980148855689684,89.87406694986429,-20.071910874657856,50.137209520617205,0.0,50.53076773740574,0.0,48.153483950015925,0.11662531093696338,0.07266298764516116,0.09543362509447438,0.08117588681555843,0.0,0.0,0.0,0.0,924.4084210585349,826.545008959959,589.2117445428133,659.834825438693,2.7221565701318364,155.9680826423621,,,,177.75001357977507,203.84444912035562
81,8.1,9.401601527801757,1.2607745351333712,15.324974396758734,49.74114860340854,52.04840732095154,15.340029309477956,0.2677340188028225,21.818181818181817,0.3807991095260355,185.78568695090368,57.239548658346195,194.40341408120992,-0.5982809807280529,2.547248160826928,-0.2602608570225363,0.01627541637547658,0.260769252168081,-0.4218624790774709,-2.5823333195936766,2.6165651768563087,-0.007211693692464693,-0.4131996117193436,72.8762223844891,1.2719300270249276,-35.81792070511409,89.4688406200772,-19.922543337872202,49.76410745105511,0.0,50.242580969737425,0.0,47.845728179030374,0.11613602968679787,0.07209849544055463,0.09485068312925549,0.08067823211449801,0.0,0.0,0.0,0.0,924.0998442256755,826.8061527399454,589.4410303625448,659.6529726718345,2.7489662342853594,157.50416324852216,,,,179.28551078550552,208.80579086362215
82,8.2,9.375716626055976,1.2623685477075395,15.2653108771729,49.99514768121634,52.27374587537576,15.29893734378516,0.2670168287053667,21.818181818181817,0.3807991095260355,187.23594285655412,57.16984562803358,195.7694806309604,-0.5949894109886316,2.5327333953290085,-0.25743717789311377,0.015604835107888348,0.2579096962898353,-0.3505552767250537,-2.5779569137135763,2.601682311698222,-0.007132108256651695,-0.4086397021365495,73.02069072602212,1.2744514752495746,-35.65836593238094,89.07029206530873,-19.775430122460506,49.396636404057766,0.0,49.9588537269706,0.0,47.5431676790363,0.11565450869210825,0.07154293229010167,0.09427728355285987,0.0801887320865567,0.0,0.0,0.0,0.0,923.7964407644957,827.0629101401431,589.666473291471,659.4741758038904,2.7757037766607686,159.0361115811853,,,,180.8150250492021,213.79260567785337
83,8.3,9.35011104982743,1.2638971839831223,15.205974006976264,50.247706451519456,52.498129958493834,15.258296201544256,0.2663075069614916,21.818181818181817,0.3807991095260355,188.6830267191279,57.09930666421307,197.1334963759964,-0.5917479929440767,2.5184420107334144,-0.2546743466778101,0.014967890403767559,0.255113818910126,-0.2799956192353946,-2.571831701684481,2.5870283818660176,-0.007054326620851003,-0.4041831426815462,73.16312147459186,1.2769373607681969,-35.50134450473263,88.67807150064046,-19.630456080119234,49.034508753068025,0.0,49.67934990447566,0.0,47.24552425797244,0.11518034703413221,0.07099583869481368,0.09371291698481392,0.07970695230424693,0.0,0.0,0.0,0.0,923.4978823875723,827.3155601356078,589.8883171011034,659.2982403757169,2.8023699934441115,160.56397325845177,,,,182.33858929340957,218.80474838449024
84,8.4,9.324778870916209,1.2653635480532845,15.14695888034562,50.49884675978073,52.721569470101116,15.218095842484862,0.2656058783354212,21.818181818181817,0.3807991095260355,190.12699220462324,57.02795049293765,198.49549189390123,-0.58855453966881,2.5043641544921145,-0.25196923154661505,0.014359390999477029,0.2523780611623514,-0.21021396508147416,-2.5639903184985884,2.5725932955812834,-0.006978245900556225,-0.3998240385063401,73.30356122293713,1.279388496777494,-35.346744353673884,88.29189899250433,-19.487529528513374,48.677495486684414,0.0,49.403882558425735,0.0,46.95257586537756,0.11471322434137254,0.07045684720280704,0.09315717795492394,0.07923254680957553,0.0,0.0,0.0,0.0,923.2039152730382,827.5643183474486,590.1067502784615,659.1250161010519,2.828965662708957,162.08779286065322,,,,183.85623593777566,223.84207604505522
85,8.5,9.299714446741334,1.2667702993616203,15.08826079093492,50.748589553378366,52.94407384545062,15.178326758253268,0.26491177687507694,21.818181818181817,0.3807991095260355,191.56788781538245,56.95579475143535,199.8554932890627,-0.5854072485452013,2.490491717460517,-0.24931925195088372,0.013775635167240008,0.24969953447615623,-0.14124024558656878,-2.5544670352962755,2.558368746171806,-0.006903783306329447,-0.3955576461255505,73.44205491334837,1.2818056676684078,-35.19447289221377,87.91154326977762,-19.34657510889194,48.325408367847146,0.0,49.1322987607099,0.0,46.66413942717928,0.11425287631944298,0.06992565448598292,0.09260973304668393,0.0787652310054308,0.0,0.0,0.0,0.0,922.9143370913819,827.8093566035566,590.3219230796043,658.9543832254575,2.8554915454694823,163.60761399069014,,,,185.36799692133968,228.90444786071316
86,8.6,9.274912373355177,1.2681197777899234,15.029875199174223,50.996955029847186,53.165652171482,15.13897987555234,0.26422504422154974,21.818181818181817,0.3807991095260355,193.00575833033756,56.88285621620273,201.21352360112843,-0.5823045866687254,2.4768178119158897,-0.24672221577226544,0.013213933398819933,0.2470758179009932,-0.07310364329147145,-2.5432972619056478,2.544347677712158,-0.006830869764214278,-0.3913800078930019,73.57864597249237,1.284189631379257,-35.0444512229877,87.53680725637112,-19.2075289014277,47.97808773254661,0.0,48.86446930395033,0.0,46.38005917755644,0.11379907803697914,0.06940200225511706,0.09207029924480897,0.07830476322685462,0.0,0.0,0.0,0.0,922.6289812965948,828.0508163083613,590.5339591914585,658.7862432035856,2.8819483865243134,165.1234793223804,,,,186.87390372084514,233.99172508987442
87,8.7,9.250367452147966,1.2694140886853114,14.971797709203951,51.24396274126847,53.38631326542259,15.10004648958669,0.2635455284474994,21.818181818181817,0.3807991095260355,194.4406457705342,56.80915095543526,202.56960374138018,-0.5792452127367046,2.46333641650971,-0.24417620837194026,0.012672284508939313,0.2445048210763393,-0.005832456218325399,-2.530517200067162,2.5305239215192747,-0.006759445716793064,-0.3872877114200241,73.71337641692037,1.2865411212372009,-34.896610192526204,87.16751821526888,-19.070335093502177,47.63539416760169,0.0,48.60028171801678,0.0,46.10019874163218,0.11335163253633707,0.06888566424743375,0.09153862924591445,0.07785093223663428,0.0,0.0,0.0,0.0,922.3477064157233,828.2888175549978,590.74296368345,658.6205123458292,2.908336915157766,166.63543064063737,,,,188.37398736626403,239.1037709784302
88,8.8,9.22607466587611,1.2706551607395544,14.914024052372794,51.48963166884825,53.60606572794178,15.061518217462993,0.2628730832438365,21.818181818181817,0.3807991095260355,195.87259004790292,56.73469443251747,203.9237531147977,-0.576227923886457,2.450042135085807,-0.2416795170651858,0.012149156575922415,0.24198469161161357,0.060545982664113374,-2.5161636011884347,2.5168919492028885,-0.006689458356464342,-0.383277731053927,73.84628693826266,1.288860847445166,-34.75088770668163,86.80352104278845,-18.93494371131126,47.297202844484445,0.0,48.339635539076845,0.0,45.82443576798008,0.11291036308401042,0.06837643736779392,0.09101450150315188,0.07740354874936944,0.0,0.0,0.0,0.0,922.0703887625574,828.5234653221775,590.9490284172895,658.4571174979759,2.9346578457423327,168.14350887598985,,,,189.86827845434289,244.2404506989361
89,8.9,9.202029161038723,1.2718447855290653,14.856550075202179,51.73398027724609,53.82491797916163,15.023386964751307,0.26220756733610756,21.818181818181817,0.3807991095260355,197.30162940313434,56.659501577841546,205.27599003337238,-0.5732516195258461,2.4369300328709995,-0.2392305796825468,0.011643339214297388,0.23951375243043263,0.12600535077427205,-2.500273596223803,2.503446704924564,-0.006620859798114337,-0.3793473231797898,73.97741697420787,1.2911494983206684,-34.60722690418026,86.44467370633456,-18.801309076488636,46.96339966415185,0.0,48.08243910543485,0.0,45.55265828845754,0.1124751078989506,0.0678741356593704,0.09049771347804819,0.07696243968525317,0.0,0.0,0.0,0.0,921.7969174873747,828.7548536829836,591.1522357225149,658.2959931071271,2.9609118782713297,169.64775413510057,,,,191.35680716072162,249.4016312962408
90,9.0,9.178226234582034,1.2729846446990187,14.79937173039119,51.97702655514247,54.04287828315853,14.985644900753494,0.26154884405284734,21.818181818181817,0.3807991095260355,198.7278007034137,56.58358684009667,206.62633199112466,-0.5703152766939181,2.4239955250566587,-0.23682794945122843,0.011153844184772499,0.2370904592795159,0.19052035898025121,-2.4828845750737596,2.490183491296408,-0.006553605867089833,-0.3754939567764217,74.106804769392,1.2934077413585277,-34.46557491195856,86.0908441353793,-18.669388755176662,46.63387863195177,0.0,47.828607384817744,0.0,45.28476224443428,0.11204571656162726,0.06737858619461368,0.08998807705817519,0.076527444267518,0.0,0.0,0.0,0.0,921.5271912143211,828.9830686630247,591.3526608933337,658.1370792293208,2.9870996988407774,171.14820572837579,,,,192.83960325100128,254.5871816378602
91,9.1,9.154661323564413,1.2740763288399315,14.742485069895533,52.2187880464325,54.25995476476491,14.948284439563068,0.26089678099501085,21.818181818181817,0.3807991095260355,200.15113964718134,56.506964224205795,207.97479584772083,-0.5674179332192233,2.4112343007439314,-0.23447027090117034,0.010679838633482763,0.23471337177439516,0.2540667606822705,-2.4640340998328876,2.477097891489727,-0.006487655289640197,-0.371715267032107,74.2344874289863,1.2956362241661512,-34.32588199366981,85.74190809453465,-18.53914284041931,46.30854006512708,0.0,47.578060496361225,0.0,45.020649798380596,0.11162204755938271,0.06688962626512784,0.08948541543315042,0.0760984113614621,0.0,0.0,0.0,0.0,921.2611157539874,829.2081901842067,591.5503738871678,657.9803201746383,3.0132219800931703,172.64490219539164,,,,194.31669609101561,259.7969723679389
92,9.2,9.131329996859343,1.275121350785462,14.685886239427745,52.45928187500443,54.476155421235276,14.911298225009991,0.2602512497732106,21.818181818181817,0.3807991095260355,201.57168090727228,56.42964732052349,209.32139795181442,-0.5645586761365238,2.398642270694605,-0.23215626320024474,0.010220600277124348,0.23238113351373013,0.3166213521875828,-2.443759841085638,2.4641857157211176,-0.006422969146364772,-0.3680090240294465,74.36050096687212,1.2978355753043453,-34.18810096317126,85.39774771851415,-18.41053345948623,45.987289362170856,0.0,47.33072269924985,0.0,44.76022817297867,0.11120396659782378,0.06640710144763867,0.0889895609501462,0.07567519764750821,0.0,0.0,0.0,0.0,920.998602541846,829.430293391401,591.745440484247,657.8256635825062,3.0392793816315815,174.1378813286203,,,,195.78811465648178,265.03087586401074
93,9.3,9.108227948274976,1.276121155164259,14.629571473938844,52.69852476509281,54.69148813049601,14.874679118244908,0.25961212579102055,21.818181818181817,0.3807991095260355,202.9894582332161,56.35164932825665,210.66615422471023,-0.5617366336414925,2.3862155310730713,-0.22988470848707154,0.00977548729881983,0.2300924582599683,0.37816196770152466,-2.4220995298487074,2.4514429641150572,-0.006359510497436355,-0.3643731112722458,74.48488034968578,1.300006405056042,-34.052186776225376,85.05825049225187,-18.283524432609326,45.670036150391354,0.0,47.08652169415057,0.0,44.503408843927076,0.11079134542749963,0.06593086425954431,0.08850035362603956,0.07525766635344758,0.0,0.0,0.0,0.0,920.7395675653742,829.6494495637663,591.9379230843343,657.6730597865254,3.065272550409793,175.627180195783,,,,197.25388754215012,270.2887661960157
94,9.4,9.085350990672461,1.2770771254329354,14.573537093785653,52.936533058542246,54.90596065712795,14.838420187149055,0.2589792880601442,21.818181818181817,0.3807991095260355,204.4045045264334,56.272983075006216,212.0090802179394,-0.5589509694223205,2.373950337915557,-0.2276544435632344,0.009343918074705027,0.2278461201755972,0.43866747101070014,-2.3990909201163295,2.4388658005531054,-0.006297244120091062,-0.36080551064479155,74.60765953760992,1.3021493061382432,-33.918096241908465,84.72330853003608,-18.158081033463002,45.356693687620734,0.0,46.84538813400656,0.0,44.2501069696618,0.11038406101669601,0.06546077321066085,0.08801764009927188,0.0748456863611771,0.0,0.0,0.0,0.0,920.4839306194867,829.8657267471056,592.1278812596591,657.5224613737488,3.0912021211023513,177.11283516105271,,,,198.71404297053635,275.5705190871974
95,9.5,9.062695050802049,1.277990589209301,14.51777950138516,53.1733227298777,55.11958065684614,14.802514697037664,0.25835261903815815,21.818181818181817,0.3807991095260355,205.81685189738334,56.19366103364686,213.35019115368476,-0.5562008785875296,2.3618430887934903,-0.22546435384501257,0.00892535745261025,0.22564094677253482,0.498117745142488,-2.3747717585901342,2.426450533891659,-0.006236136319629458,-0.35730429158301413,74.7288715225165,1.3042648543677406,-33.785787814418796,84.39281805547103,-18.034169817959736,45.04717843456701,0.0,46.6072552748937,0.0,44.00024097980339,0.10998199495663563,0.06499669212111087,0.08754127287614843,0.07443913156423408,0.0,0.0,0.0,0.0,920.2316147822328,830.0791901991104,592.3153721442844,657.3738228743726,3.1170687164572666,178.59488190526207,,,,200.1686088002949,280.87601187661835
96,9.6,9.040256164667873,1.2788628224513554,14.462295178222442,53.408909399782736,55.33235567998381,14.766956102307715,0.25773200448273825,21.818181818181817,0.3807991095260355,207.2265317106158,56.11369533732495,214.68950195391713,-0.5534855846668181,2.3498903093073373,-0.22331336883847624,0.008519307388474395,0.22347581368096336,0.5564936807871618,-2.3491797592892847,2.414193604127578,-0.006176154788768997,-0.35386760301597603,74.84854836388465,1.306353609288002,-33.655221438961284,84.06667901651555,-17.911758498941012,44.741409741807125,0.0,46.3720587206664,0.0,43.753732270141704,0.10958503302290706,0.06453848961819209,0.0870711097746088,0.07403788039355023,0.0,0.0,0.0,0.0,919.9825460382242,830.289902709138,592.5004507137621,657.2271005388759,3.1428729476333115,180.07335544522934,,,,201.61761253427525,286.2051234831014
97,9.7,9.01803047329362,1.2796950528446307,14.407080682122329,53.64330834738982,55.54429317431562,14.731738038799783,0.25711733331834835,21.818181818181817,0.3807991095260355,208.6335746216365,56.033097793077545,216.02702726207795,-0.5508043373354322,2.3380886428343124,-0.2212004586465922,0.008125300477030084,0.22134964064417356,0.6137771639589696,-2.3223525814959287,2.4020915718969413,-0.006117268499029314,-0.3504936671427076,74.96672122279551,1.3084161147624913,-33.526358434134785,83.74479479170068,-17.790815851775044,44.43930961398153,0.0,46.13973623058166,0.0,43.510504969417426,0.10919306484224811,0.0640860387539881,0.08660701350091551,0.07364181545644703,0.0,0.0,0.0,0.0,919.736653001268,830.4979248337474,592.683169991119,657.0822521738658,3.168615414523366,181.54829015228472,,,,203.0610813272925,291.55773437045997
98,9.8,8.996014218802236,1.2804884626386914,14.352132644724097,53.876534521655586,55.75540048744068,14.696854316720685,0.2565084975127175,21.818181818181817,0.3807991095260355,210.03801060814538,55.95187989439816,217.36278145980867,-0.5481564106291941,2.3264348424810435,-0.21912463118109976,0.007742895404184935,0.21926138834617723,0.6699510631815827,-2.294327810005699,2.3901411102325483,-0.006059447613587759,-0.3471807744391971,75.08342039422469,1.3104528995382796,-33.39916139911683,83.42707195828832,-17.671311640870197,44.140802526233486,0.0,45.91022756944074,0.0,43.270485754830304,0.10880598363079108,0.06363921670491318,0.086148851316396,0.07325082325236194,0.0,0.0,0.0,0.0,919.4938667038275,830.7033150755005,592.8635812032078,656.9392370174644,3.194296706064919,183.01971977006073,,,,204.49904199363485,296.9337265139123
99,9.9,8.974203740750104,1.2812441910927352,14.297447769117872,54.10860255200687,55.9656848688703,14.66229891402351,0.2559053919612992,21.818181818181817,0.3807991095260355,211.4398689973276,55.87005283296293,218.69677868035717,-0.5455411014953375,2.3149257645446957,-0.21708492986151728,0.007371673676691337,0.21721005581182354,0.724999216367147,-2.2651429369999176,2.3783389978667024,-0.006002663414778345,-0.34392727950438584,75.1986753377983,1.3124644777828396,-33.27359413786632,83.11342010293879,-17.553216560457056,43.84581527628991,0.0,45.683474386690385,0.0,43.033603700978006,0.10842368598124363,0.06319790452737756,0.08569649476582439,0.0728647939411005,0.0,0.0,0.0,0.0,919.2541204317733,830.9061300233147,593.0417339034246,656.7980156414875,3.2199174005386197,184.48767743159794,,,,205.93152101432693,302.3329833675954
100,10.0,8.952595472674197,1.2819633366367438,14.243022827614286,54.33952675838514,56.17515347191493,14.628065970173733,0.2553079143784703,21.818181818181817,0.3807991095260355,212.83917849029874,55.78762750966007,220.02903281972092,-0.5429577285763544,2.303558363020694,-0.21508043165663027,0.00701123720348118,0.2151946782072593,0.7789064174884209,-2.2348353450889236,2.366682113606171,-0.005946888241800373,-0.34073159749113596,75.31251470714203,1.3144513495962813,-33.149621595177926,82.80375166198237,-17.436502185227752,43.55427686116434,0.0,45.45942011550842,0.0,42.79979015209271,0.10804607168404728,0.06276198695243612,0.08524981944862398,0.07248362114758317,0.0,0.0,0.0,0.0,919.0173495901183,831.106424466517,593.217676071414,656.658549871951,3.2454780658556084,185.95219567580781,,,,207.35854454416352,307.755389833115
